"COU","Country","SEX","Sex","IND","Indicator","YEAR","Year","Unit Code","Unit","PowerCode Code","PowerCode","Reference Period Code","Reference Period","Value","Flag Codes","Flags"
"HRV","Croatia","TOTAL","Total","FAM13","Proportion (%) of children aged 0-2 enrolled in formal childcare and pre-school","2010","2010","PC","Percentage","0","Units",,,8.4,,
"HRV","Croatia","TOTAL","Total","FAM13","Proportion (%) of children aged 0-2 enrolled in formal childcare and pre-school","2011","2011","PC","Percentage","0","Units",,,13.4,,
"HRV","Croatia","TOTAL","Total","FAM13","Proportion (%) of children aged 0-2 enrolled in formal childcare and pre-school","2012","2012","PC","Percentage","0","Units",,,11.1,,
"HRV","Croatia","TOTAL","Total","FAM13","Proportion (%) of children aged 0-2 enrolled in formal childcare and pre-school","2013","2013","PC","Percentage","0","Units",,,11.3,,
"HRV","Croatia","TOTAL","Total","FAM13","Proportion (%) of children aged 0-2 enrolled in formal childcare and pre-school","2014","2014","PC","Percentage","0","Units",,,16.9,,
"HRV","Croatia","TOTAL","Total","FAM13","Proportion (%) of children aged 0-2 enrolled in formal childcare and pre-school","2015","2015","PC","Percentage","0","Units",,,13.3,,
"HRV","Croatia","TOTAL","Total","FAM13","Proportion (%) of children aged 0-2 enrolled in formal childcare and pre-school","2016","2016","PC","Percentage","0","Units",,,16.6,,
"HRV","Croatia","TOTAL","Total","FAM13","Proportion (%) of children aged 0-2 enrolled in formal childcare and pre-school","2017","2017","PC","Percentage","0","Units",,,19.4,,
"ISL","Iceland","TOTAL","Total","FAM13","Proportion (%) of children aged 0-2 enrolled in formal childcare and pre-school","2005","2005","PC","Percentage","0","Units",,,52.6,,
"ISL","Iceland","TOTAL","Total","FAM13","Proportion (%) of children aged 0-2 enrolled in formal childcare and pre-school","2010","2010","PC","Percentage","0","Units",,,54.8,,
"ISL","Iceland","TOTAL","Total","FAM13","Proportion (%) of children aged 0-2 enrolled in formal childcare and pre-school","2017","2017","PC","Percentage","0","Units",,,59.7,,
"POL","Poland","TOTAL","Total","FAM13","Proportion (%) of children aged 0-2 enrolled in formal childcare and pre-school","2005","2005","PC","Percentage","0","Units",,,2.8,,
"POL","Poland","TOTAL","Total","FAM13","Proportion (%) of children aged 0-2 enrolled in formal childcare and pre-school","2010","2010","PC","Percentage","0","Units",,,3.8,,
"POL","Poland","TOTAL","Total","FAM13","Proportion (%) of children aged 0-2 enrolled in formal childcare and pre-school","2017","2017","PC","Percentage","0","Units",,,9.5,,
"CHE","Switzerland","TOTAL","Total","FAM13","Proportion (%) of children aged 0-2 enrolled in formal childcare and pre-school","2008","2008","PC","Percentage","0","Units",,,16.3,,
"CHE","Switzerland","TOTAL","Total","FAM13","Proportion (%) of children aged 0-2 enrolled in formal childcare and pre-school","2009","2009","PC","Percentage","0","Units",,,35.1,,
"CHE","Switzerland","TOTAL","Total","FAM13","Proportion (%) of children aged 0-2 enrolled in formal childcare and pre-school","2010","2010","PC","Percentage","0","Units",,,33.5,,
"CHE","Switzerland","TOTAL","Total","FAM13","Proportion (%) of children aged 0-2 enrolled in formal childcare and pre-school","2011","2011","PC","Percentage","0","Units",,,33.2,,
"CHE","Switzerland","TOTAL","Total","FAM13","Proportion (%) of children aged 0-2 enrolled in formal childcare and pre-school","2012","2012","PC","Percentage","0","Units",,,39.1,,
"CHE","Switzerland","TOTAL","Total","FAM13","Proportion (%) of children aged 0-2 enrolled in formal childcare and pre-school","2013","2013","PC","Percentage","0","Units",,,41,,
"CHE","Switzerland","TOTAL","Total","FAM13","Proportion (%) of children aged 0-2 enrolled in formal childcare and pre-school","2014","2014","PC","Percentage","0","Units",,,38,,
"FRA","France","TOTAL","Total","FAM13","Proportion (%) of children aged 0-2 enrolled in formal childcare and pre-school","2005","2005","PC","Percentage","0","Units",,,43.9,,
"FRA","France","TOTAL","Total","FAM13","Proportion (%) of children aged 0-2 enrolled in formal childcare and pre-school","2006","2006","PC","Percentage","0","Units",,,42.4,,
"FRA","France","TOTAL","Total","FAM13","Proportion (%) of children aged 0-2 enrolled in formal childcare and pre-school","2007","2007","PC","Percentage","0","Units",,,40.9,,
"FRA","France","TOTAL","Total","FAM13","Proportion (%) of children aged 0-2 enrolled in formal childcare and pre-school","2008","2008","PC","Percentage","0","Units",,,46.2,,
"FRA","France","TOTAL","Total","FAM13","Proportion (%) of children aged 0-2 enrolled in formal childcare and pre-school","2009","2009","PC","Percentage","0","Units",,,49.4,,
"FRA","France","TOTAL","Total","FAM13","Proportion (%) of children aged 0-2 enrolled in formal childcare and pre-school","2010","2010","PC","Percentage","0","Units",,,47.9,,
"FRA","France","TOTAL","Total","FAM13","Proportion (%) of children aged 0-2 enrolled in formal childcare and pre-school","2011","2011","PC","Percentage","0","Units",,,51,,
"FRA","France","TOTAL","Total","FAM13","Proportion (%) of children aged 0-2 enrolled in formal childcare and pre-school","2012","2012","PC","Percentage","0","Units",,,50.8,,
"FRA","France","TOTAL","Total","FAM13","Proportion (%) of children aged 0-2 enrolled in formal childcare and pre-school","2013","2013","PC","Percentage","0","Units",,,50.6,,
"FRA","France","TOTAL","Total","FAM13","Proportion (%) of children aged 0-2 enrolled in formal childcare and pre-school","2014","2014","PC","Percentage","0","Units",,,51.9,,
"FRA","France","TOTAL","Total","FAM13","Proportion (%) of children aged 0-2 enrolled in formal childcare and pre-school","2015","2015","PC","Percentage","0","Units",,,52.3,,
"FRA","France","TOTAL","Total","FAM13","Proportion (%) of children aged 0-2 enrolled in formal childcare and pre-school","2016","2016","PC","Percentage","0","Units",,,56.7,,
"FRA","France","TOTAL","Total","FAM13","Proportion (%) of children aged 0-2 enrolled in formal childcare and pre-school","2017","2017","PC","Percentage","0","Units",,,56.3,,
"NOR","Norway","TOTAL","Total","FAM13","Proportion (%) of children aged 0-2 enrolled in formal childcare and pre-school","2005","2005","PC","Percentage","0","Units",,,32.7,,
"NOR","Norway","TOTAL","Total","FAM13","Proportion (%) of children aged 0-2 enrolled in formal childcare and pre-school","2010","2010","PC","Percentage","0","Units",,,52.6,,
"NOR","Norway","TOTAL","Total","FAM13","Proportion (%) of children aged 0-2 enrolled in formal childcare and pre-school","2017","2017","PC","Percentage","0","Units",,,56.3,,
"LUX","Luxembourg","TOTAL","Total","FAM13","Proportion (%) of children aged 0-2 enrolled in formal childcare and pre-school","2005","2005","PC","Percentage","0","Units",,,34.8,,
"LUX","Luxembourg","TOTAL","Total","FAM13","Proportion (%) of children aged 0-2 enrolled in formal childcare and pre-school","2006","2006","PC","Percentage","0","Units",,,43.4,,
"LUX","Luxembourg","TOTAL","Total","FAM13","Proportion (%) of children aged 0-2 enrolled in formal childcare and pre-school","2007","2007","PC","Percentage","0","Units",,,38.4,,
"LUX","Luxembourg","TOTAL","Total","FAM13","Proportion (%) of children aged 0-2 enrolled in formal childcare and pre-school","2008","2008","PC","Percentage","0","Units",,,38.6,,
"LUX","Luxembourg","TOTAL","Total","FAM13","Proportion (%) of children aged 0-2 enrolled in formal childcare and pre-school","2009","2009","PC","Percentage","0","Units",,,46.3,,
"LUX","Luxembourg","TOTAL","Total","FAM13","Proportion (%) of children aged 0-2 enrolled in formal childcare and pre-school","2010","2010","PC","Percentage","0","Units",,,45.8,,
"LUX","Luxembourg","TOTAL","Total","FAM13","Proportion (%) of children aged 0-2 enrolled in formal childcare and pre-school","2011","2011","PC","Percentage","0","Units",,,51,,
"LUX","Luxembourg","TOTAL","Total","FAM13","Proportion (%) of children aged 0-2 enrolled in formal childcare and pre-school","2012","2012","PC","Percentage","0","Units",,,56.3,,
"LUX","Luxembourg","TOTAL","Total","FAM13","Proportion (%) of children aged 0-2 enrolled in formal childcare and pre-school","2013","2013","PC","Percentage","0","Units",,,53.6,,
"LUX","Luxembourg","TOTAL","Total","FAM13","Proportion (%) of children aged 0-2 enrolled in formal childcare and pre-school","2014","2014","PC","Percentage","0","Units",,,55.1,,
"LUX","Luxembourg","TOTAL","Total","FAM13","Proportion (%) of children aged 0-2 enrolled in formal childcare and pre-school","2015","2015","PC","Percentage","0","Units",,,56,,
"LUX","Luxembourg","TOTAL","Total","FAM13","Proportion (%) of children aged 0-2 enrolled in formal childcare and pre-school","2016","2016","PC","Percentage","0","Units",,,53.1,,
"LUX","Luxembourg","TOTAL","Total","FAM13","Proportion (%) of children aged 0-2 enrolled in formal childcare and pre-school","2017","2017","PC","Percentage","0","Units",,,63.3,,
"MEX","Mexico","TOTAL","Total","FAM13","Proportion (%) of children aged 0-2 enrolled in formal childcare and pre-school","2005","2005","PC","Percentage","0","Units",,,1.9,,
"MEX","Mexico","TOTAL","Total","FAM13","Proportion (%) of children aged 0-2 enrolled in formal childcare and pre-school","2010","2010","PC","Percentage","0","Units",,,2.5,,
"MEX","Mexico","TOTAL","Total","FAM13","Proportion (%) of children aged 0-2 enrolled in formal childcare and pre-school","2017","2017","PC","Percentage","0","Units",,,3.7,,
"MLT","Malta","TOTAL","Total","FAM13","Proportion (%) of children aged 0-2 enrolled in formal childcare and pre-school","2008","2008","PC","Percentage","0","Units",,,46,,
"MLT","Malta","TOTAL","Total","FAM13","Proportion (%) of children aged 0-2 enrolled in formal childcare and pre-school","2009","2009","PC","Percentage","0","Units",,,42.6,,
"MLT","Malta","TOTAL","Total","FAM13","Proportion (%) of children aged 0-2 enrolled in formal childcare and pre-school","2010","2010","PC","Percentage","0","Units",,,41.2,,
"MLT","Malta","TOTAL","Total","FAM13","Proportion (%) of children aged 0-2 enrolled in formal childcare and pre-school","2011","2011","PC","Percentage","0","Units",,,40.3,,
"MLT","Malta","TOTAL","Total","FAM13","Proportion (%) of children aged 0-2 enrolled in formal childcare and pre-school","2012","2012","PC","Percentage","0","Units",,,52,,
"MLT","Malta","TOTAL","Total","FAM13","Proportion (%) of children aged 0-2 enrolled in formal childcare and pre-school","2013","2013","PC","Percentage","0","Units",,,52.5,,
"MLT","Malta","TOTAL","Total","FAM13","Proportion (%) of children aged 0-2 enrolled in formal childcare and pre-school","2014","2014","PC","Percentage","0","Units",,,54.8,,
"USA","United States","TOTAL","Total","FAM13","Proportion (%) of children aged 0-2 enrolled in formal childcare and pre-school","2006","2006","PC","Percentage","0","Units",,,27.4,,
"USA","United States","TOTAL","Total","FAM13","Proportion (%) of children aged 0-2 enrolled in formal childcare and pre-school","2010","2010","PC","Percentage","0","Units",,,25.8,,
"USA","United States","TOTAL","Total","FAM13","Proportion (%) of children aged 0-2 enrolled in formal childcare and pre-school","2011","2011","PC","Percentage","0","Units",,,28,,
"KOR","Korea","TOTAL","Total","FAM13","Proportion (%) of children aged 0-2 enrolled in formal childcare and pre-school","2010","2010","PC","Percentage","0","Units",,,38.2,,
"KOR","Korea","TOTAL","Total","FAM13","Proportion (%) of children aged 0-2 enrolled in formal childcare and pre-school","2017","2017","PC","Percentage","0","Units",,,56.3,,
"CHL","Chile","TOTAL","Total","FAM13","Proportion (%) of children aged 0-2 enrolled in formal childcare and pre-school","2017","2017","PC","Percentage","0","Units",,,21.7,,
"IRL","Ireland","TOTAL","Total","FAM13","Proportion (%) of children aged 0-2 enrolled in formal childcare and pre-school","2005","2005","PC","Percentage","0","Units",,,26.1,,
"IRL","Ireland","TOTAL","Total","FAM13","Proportion (%) of children aged 0-2 enrolled in formal childcare and pre-school","2006","2006","PC","Percentage","0","Units",,,25.2,,
"IRL","Ireland","TOTAL","Total","FAM13","Proportion (%) of children aged 0-2 enrolled in formal childcare and pre-school","2007","2007","PC","Percentage","0","Units",,,28.8,,
"IRL","Ireland","TOTAL","Total","FAM13","Proportion (%) of children aged 0-2 enrolled in formal childcare and pre-school","2008","2008","PC","Percentage","0","Units",,,31.8,,
"IRL","Ireland","TOTAL","Total","FAM13","Proportion (%) of children aged 0-2 enrolled in formal childcare and pre-school","2009","2009","PC","Percentage","0","Units",,,23.7,,
"IRL","Ireland","TOTAL","Total","FAM13","Proportion (%) of children aged 0-2 enrolled in formal childcare and pre-school","2010","2010","PC","Percentage","0","Units",,,29.7,,
"IRL","Ireland","TOTAL","Total","FAM13","Proportion (%) of children aged 0-2 enrolled in formal childcare and pre-school","2011","2011","PC","Percentage","0","Units",,,22.9,,
"IRL","Ireland","TOTAL","Total","FAM13","Proportion (%) of children aged 0-2 enrolled in formal childcare and pre-school","2012","2012","PC","Percentage","0","Units",,,30.4,,
"IRL","Ireland","TOTAL","Total","FAM13","Proportion (%) of children aged 0-2 enrolled in formal childcare and pre-school","2013","2013","PC","Percentage","0","Units",,,32.9,,
"IRL","Ireland","TOTAL","Total","FAM13","Proportion (%) of children aged 0-2 enrolled in formal childcare and pre-school","2014","2014","PC","Percentage","0","Units",,,35,,
"IRL","Ireland","TOTAL","Total","FAM13","Proportion (%) of children aged 0-2 enrolled in formal childcare and pre-school","2015","2015","PC","Percentage","0","Units",,,35.5,,
"IRL","Ireland","TOTAL","Total","FAM13","Proportion (%) of children aged 0-2 enrolled in formal childcare and pre-school","2016","2016","PC","Percentage","0","Units",,,39.4,,
"IRL","Ireland","TOTAL","Total","FAM13","Proportion (%) of children aged 0-2 enrolled in formal childcare and pre-school","2017","2017","PC","Percentage","0","Units",,,32.1,,
"SWE","Sweden","TOTAL","Total","FAM13","Proportion (%) of children aged 0-2 enrolled in formal childcare and pre-school","2010","2010","PC","Percentage","0","Units",,,46.5,,
"SWE","Sweden","TOTAL","Total","FAM13","Proportion (%) of children aged 0-2 enrolled in formal childcare and pre-school","2017","2017","PC","Percentage","0","Units",,,46.6,,
"ROU","Romania","TOTAL","Total","FAM13","Proportion (%) of children aged 0-2 enrolled in formal childcare and pre-school","2007","2007","PC","Percentage","0","Units",,,8.7,,
"ROU","Romania","TOTAL","Total","FAM13","Proportion (%) of children aged 0-2 enrolled in formal childcare and pre-school","2008","2008","PC","Percentage","0","Units",,,14.3,,
"ROU","Romania","TOTAL","Total","FAM13","Proportion (%) of children aged 0-2 enrolled in formal childcare and pre-school","2009","2009","PC","Percentage","0","Units",,,6.9,,
"ROU","Romania","TOTAL","Total","FAM13","Proportion (%) of children aged 0-2 enrolled in formal childcare and pre-school","2010","2010","PC","Percentage","0","Units",,,9.7,,
"ROU","Romania","TOTAL","Total","FAM13","Proportion (%) of children aged 0-2 enrolled in formal childcare and pre-school","2011","2011","PC","Percentage","0","Units",,,4.6,,
"ROU","Romania","TOTAL","Total","FAM13","Proportion (%) of children aged 0-2 enrolled in formal childcare and pre-school","2012","2012","PC","Percentage","0","Units",,,15,,
"ROU","Romania","TOTAL","Total","FAM13","Proportion (%) of children aged 0-2 enrolled in formal childcare and pre-school","2013","2013","PC","Percentage","0","Units",,,11.7,,
"ROU","Romania","TOTAL","Total","FAM13","Proportion (%) of children aged 0-2 enrolled in formal childcare and pre-school","2014","2014","PC","Percentage","0","Units",,,12.4,,
"ROU","Romania","TOTAL","Total","FAM13","Proportion (%) of children aged 0-2 enrolled in formal childcare and pre-school","2015","2015","PC","Percentage","0","Units",,,11,,
"ROU","Romania","TOTAL","Total","FAM13","Proportion (%) of children aged 0-2 enrolled in formal childcare and pre-school","2016","2016","PC","Percentage","0","Units",,,17.8,,
"ROU","Romania","TOTAL","Total","FAM13","Proportion (%) of children aged 0-2 enrolled in formal childcare and pre-school","2017","2017","PC","Percentage","0","Units",,,16.8,,
"FIN","Finland","TOTAL","Total","FAM13","Proportion (%) of children aged 0-2 enrolled in formal childcare and pre-school","2005","2005","PC","Percentage","0","Units",,,24.6,,
"FIN","Finland","TOTAL","Total","FAM13","Proportion (%) of children aged 0-2 enrolled in formal childcare and pre-school","2010","2010","PC","Percentage","0","Units",,,26.6,,
"FIN","Finland","TOTAL","Total","FAM13","Proportion (%) of children aged 0-2 enrolled in formal childcare and pre-school","2017","2017","PC","Percentage","0","Units",,,31.2,,
"AUS","Australia","TOTAL","Total","FAM13","Proportion (%) of children aged 0-2 enrolled in formal childcare and pre-school","2010","2010","PC","Percentage","0","Units",,,38,,
"AUS","Australia","TOTAL","Total","FAM13","Proportion (%) of children aged 0-2 enrolled in formal childcare and pre-school","2017","2017","PC","Percentage","0","Units",,,39.6,,
"BEL","Belgium","TOTAL","Total","FAM13","Proportion (%) of children aged 0-2 enrolled in formal childcare and pre-school","2005","2005","PC","Percentage","0","Units",,,44.5,,
"BEL","Belgium","TOTAL","Total","FAM13","Proportion (%) of children aged 0-2 enrolled in formal childcare and pre-school","2006","2006","PC","Percentage","0","Units",,,42.4,,
"BEL","Belgium","TOTAL","Total","FAM13","Proportion (%) of children aged 0-2 enrolled in formal childcare and pre-school","2007","2007","PC","Percentage","0","Units",,,45.2,,
"BEL","Belgium","TOTAL","Total","FAM13","Proportion (%) of children aged 0-2 enrolled in formal childcare and pre-school","2008","2008","PC","Percentage","0","Units",,,46.8,,
"BEL","Belgium","TOTAL","Total","FAM13","Proportion (%) of children aged 0-2 enrolled in formal childcare and pre-school","2009","2009","PC","Percentage","0","Units",,,36.9,,
"BEL","Belgium","TOTAL","Total","FAM13","Proportion (%) of children aged 0-2 enrolled in formal childcare and pre-school","2010","2010","PC","Percentage","0","Units",,,39.2,,
"BEL","Belgium","TOTAL","Total","FAM13","Proportion (%) of children aged 0-2 enrolled in formal childcare and pre-school","2011","2011","PC","Percentage","0","Units",,,41.3,,
"BEL","Belgium","TOTAL","Total","FAM13","Proportion (%) of children aged 0-2 enrolled in formal childcare and pre-school","2012","2012","PC","Percentage","0","Units",,,51.4,,
"BEL","Belgium","TOTAL","Total","FAM13","Proportion (%) of children aged 0-2 enrolled in formal childcare and pre-school","2013","2013","PC","Percentage","0","Units",,,47.8,,
"BEL","Belgium","TOTAL","Total","FAM13","Proportion (%) of children aged 0-2 enrolled in formal childcare and pre-school","2014","2014","PC","Percentage","0","Units",,,54.7,,
"BEL","Belgium","TOTAL","Total","FAM13","Proportion (%) of children aged 0-2 enrolled in formal childcare and pre-school","2015","2015","PC","Percentage","0","Units",,,54.4,,
"BEL","Belgium","TOTAL","Total","FAM13","Proportion (%) of children aged 0-2 enrolled in formal childcare and pre-school","2016","2016","PC","Percentage","0","Units",,,48,,
"BEL","Belgium","TOTAL","Total","FAM13","Proportion (%) of children aged 0-2 enrolled in formal childcare and pre-school","2017","2017","PC","Percentage","0","Units",,,56.1,,
"BGR","Bulgaria","TOTAL","Total","FAM13","Proportion (%) of children aged 0-2 enrolled in formal childcare and pre-school","2007","2007","PC","Percentage","0","Units",,,8.7,,
"BGR","Bulgaria","TOTAL","Total","FAM13","Proportion (%) of children aged 0-2 enrolled in formal childcare and pre-school","2008","2008","PC","Percentage","0","Units",,,13,,
"BGR","Bulgaria","TOTAL","Total","FAM13","Proportion (%) of children aged 0-2 enrolled in formal childcare and pre-school","2009","2009","PC","Percentage","0","Units",,,8.6,,
"BGR","Bulgaria","TOTAL","Total","FAM13","Proportion (%) of children aged 0-2 enrolled in formal childcare and pre-school","2010","2010","PC","Percentage","0","Units",,,7.5,,
"BGR","Bulgaria","TOTAL","Total","FAM13","Proportion (%) of children aged 0-2 enrolled in formal childcare and pre-school","2011","2011","PC","Percentage","0","Units",,,7.1,,
"BGR","Bulgaria","TOTAL","Total","FAM13","Proportion (%) of children aged 0-2 enrolled in formal childcare and pre-school","2012","2012","PC","Percentage","0","Units",,,8,,
"BGR","Bulgaria","TOTAL","Total","FAM13","Proportion (%) of children aged 0-2 enrolled in formal childcare and pre-school","2013","2013","PC","Percentage","0","Units",,,10.8,,
"BGR","Bulgaria","TOTAL","Total","FAM13","Proportion (%) of children aged 0-2 enrolled in formal childcare and pre-school","2014","2014","PC","Percentage","0","Units",,,11.2,,
"BGR","Bulgaria","TOTAL","Total","FAM13","Proportion (%) of children aged 0-2 enrolled in formal childcare and pre-school","2015","2015","PC","Percentage","0","Units",,,9,,
"BGR","Bulgaria","TOTAL","Total","FAM13","Proportion (%) of children aged 0-2 enrolled in formal childcare and pre-school","2016","2016","PC","Percentage","0","Units",,,12.5,,
"BGR","Bulgaria","TOTAL","Total","FAM13","Proportion (%) of children aged 0-2 enrolled in formal childcare and pre-school","2017","2017","PC","Percentage","0","Units",,,9.4,,
"ESP","Spain","TOTAL","Total","FAM13","Proportion (%) of children aged 0-2 enrolled in formal childcare and pre-school","2005","2005","PC","Percentage","0","Units",,,14.9,,
"ESP","Spain","TOTAL","Total","FAM13","Proportion (%) of children aged 0-2 enrolled in formal childcare and pre-school","2010","2010","PC","Percentage","0","Units",,,26.3,,
"ESP","Spain","TOTAL","Total","FAM13","Proportion (%) of children aged 0-2 enrolled in formal childcare and pre-school","2017","2017","PC","Percentage","0","Units",,,36.4,,
"CZE","Czech Republic","TOTAL","Total","FAM13","Proportion (%) of children aged 0-2 enrolled in formal childcare and pre-school","2005","2005","PC","Percentage","0","Units",,,2.5,,
"CZE","Czech Republic","TOTAL","Total","FAM13","Proportion (%) of children aged 0-2 enrolled in formal childcare and pre-school","2006","2006","PC","Percentage","0","Units",,,2.6,,
"CZE","Czech Republic","TOTAL","Total","FAM13","Proportion (%) of children aged 0-2 enrolled in formal childcare and pre-school","2007","2007","PC","Percentage","0","Units",,,2.6,,
"CZE","Czech Republic","TOTAL","Total","FAM13","Proportion (%) of children aged 0-2 enrolled in formal childcare and pre-school","2008","2008","PC","Percentage","0","Units",,,2.2,,
"CZE","Czech Republic","TOTAL","Total","FAM13","Proportion (%) of children aged 0-2 enrolled in formal childcare and pre-school","2009","2009","PC","Percentage","0","Units",,,4.7,,
"CZE","Czech Republic","TOTAL","Total","FAM13","Proportion (%) of children aged 0-2 enrolled in formal childcare and pre-school","2010","2010","PC","Percentage","0","Units",,,4,,
"CZE","Czech Republic","TOTAL","Total","FAM13","Proportion (%) of children aged 0-2 enrolled in formal childcare and pre-school","2011","2011","PC","Percentage","0","Units",,,6.2,,
"CZE","Czech Republic","TOTAL","Total","FAM13","Proportion (%) of children aged 0-2 enrolled in formal childcare and pre-school","2012","2012","PC","Percentage","0","Units",,,5,,
"CZE","Czech Republic","TOTAL","Total","FAM13","Proportion (%) of children aged 0-2 enrolled in formal childcare and pre-school","2013","2013","PC","Percentage","0","Units",,,4.3,,
"CZE","Czech Republic","TOTAL","Total","FAM13","Proportion (%) of children aged 0-2 enrolled in formal childcare and pre-school","2014","2014","PC","Percentage","0","Units",,,5.6,,
"CZE","Czech Republic","TOTAL","Total","FAM13","Proportion (%) of children aged 0-2 enrolled in formal childcare and pre-school","2015","2015","PC","Percentage","0","Units",,,4.9,,
"CZE","Czech Republic","TOTAL","Total","FAM13","Proportion (%) of children aged 0-2 enrolled in formal childcare and pre-school","2016","2016","PC","Percentage","0","Units",,,6,,
"CZE","Czech Republic","TOTAL","Total","FAM13","Proportion (%) of children aged 0-2 enrolled in formal childcare and pre-school","2017","2017","PC","Percentage","0","Units",,,8.2,,
"JPN","Japan","TOTAL","Total","FAM13","Proportion (%) of children aged 0-2 enrolled in formal childcare and pre-school","2005","2005","PC","Percentage","0","Units",,,16.2,,
"JPN","Japan","TOTAL","Total","FAM13","Proportion (%) of children aged 0-2 enrolled in formal childcare and pre-school","2010","2010","PC","Percentage","0","Units",,,18.9,,
"JPN","Japan","TOTAL","Total","FAM13","Proportion (%) of children aged 0-2 enrolled in formal childcare and pre-school","2017","2017","PC","Percentage","0","Units",,,29.6,,
"SVK","Slovak Republic","TOTAL","Total","FAM13","Proportion (%) of children aged 0-2 enrolled in formal childcare and pre-school","2005","2005","PC","Percentage","0","Units",,,2.9,,
"SVK","Slovak Republic","TOTAL","Total","FAM13","Proportion (%) of children aged 0-2 enrolled in formal childcare and pre-school","2006","2006","PC","Percentage","0","Units",,,4.9,,
"SVK","Slovak Republic","TOTAL","Total","FAM13","Proportion (%) of children aged 0-2 enrolled in formal childcare and pre-school","2007","2007","PC","Percentage","0","Units",,,3,,
"SVK","Slovak Republic","TOTAL","Total","FAM13","Proportion (%) of children aged 0-2 enrolled in formal childcare and pre-school","2008","2008","PC","Percentage","0","Units",,,3,,
"SVK","Slovak Republic","TOTAL","Total","FAM13","Proportion (%) of children aged 0-2 enrolled in formal childcare and pre-school","2009","2009","PC","Percentage","0","Units",,,2.8,,
"SVK","Slovak Republic","TOTAL","Total","FAM13","Proportion (%) of children aged 0-2 enrolled in formal childcare and pre-school","2010","2010","PC","Percentage","0","Units",,,3,,
"SVK","Slovak Republic","TOTAL","Total","FAM13","Proportion (%) of children aged 0-2 enrolled in formal childcare and pre-school","2011","2011","PC","Percentage","0","Units",,,4.6,,
"SVK","Slovak Republic","TOTAL","Total","FAM13","Proportion (%) of children aged 0-2 enrolled in formal childcare and pre-school","2012","2012","PC","Percentage","0","Units",,,4.7,,
"SVK","Slovak Republic","TOTAL","Total","FAM13","Proportion (%) of children aged 0-2 enrolled in formal childcare and pre-school","2013","2013","PC","Percentage","0","Units",,,3.1,,
"SVK","Slovak Republic","TOTAL","Total","FAM13","Proportion (%) of children aged 0-2 enrolled in formal childcare and pre-school","2014","2014","PC","Percentage","0","Units",,,6.4,,
"SVK","Slovak Republic","TOTAL","Total","FAM13","Proportion (%) of children aged 0-2 enrolled in formal childcare and pre-school","2015","2015","PC","Percentage","0","Units",,,2.9,,
"SVK","Slovak Republic","TOTAL","Total","FAM13","Proportion (%) of children aged 0-2 enrolled in formal childcare and pre-school","2016","2016","PC","Percentage","0","Units",,,1,,
"SVK","Slovak Republic","TOTAL","Total","FAM13","Proportion (%) of children aged 0-2 enrolled in formal childcare and pre-school","2017","2017","PC","Percentage","0","Units",,,1.3,,
"DNK","Denmark","TOTAL","Total","FAM13","Proportion (%) of children aged 0-2 enrolled in formal childcare and pre-school","2017","2017","PC","Percentage","0","Units",,,55.4,,
"EST","Estonia","TOTAL","Total","FAM13","Proportion (%) of children aged 0-2 enrolled in formal childcare and pre-school","2010","2010","PC","Percentage","0","Units",,,22.8,,
"EST","Estonia","TOTAL","Total","FAM13","Proportion (%) of children aged 0-2 enrolled in formal childcare and pre-school","2017","2017","PC","Percentage","0","Units",,,29.1,,
"AUT","Austria","TOTAL","Total","FAM13","Proportion (%) of children aged 0-2 enrolled in formal childcare and pre-school","2010","2010","PC","Percentage","0","Units",,,12.5,,
"AUT","Austria","TOTAL","Total","FAM13","Proportion (%) of children aged 0-2 enrolled in formal childcare and pre-school","2017","2017","PC","Percentage","0","Units",,,21,,
"HUN","Hungary","TOTAL","Total","FAM13","Proportion (%) of children aged 0-2 enrolled in formal childcare and pre-school","2005","2005","PC","Percentage","0","Units",,,6.6,,
"HUN","Hungary","TOTAL","Total","FAM13","Proportion (%) of children aged 0-2 enrolled in formal childcare and pre-school","2010","2010","PC","Percentage","0","Units",,,9.6,,
"HUN","Hungary","TOTAL","Total","FAM13","Proportion (%) of children aged 0-2 enrolled in formal childcare and pre-school","2017","2017","PC","Percentage","0","Units",,,16.3,,
"LTU","Lithuania","TOTAL","Total","FAM13","Proportion (%) of children aged 0-2 enrolled in formal childcare and pre-school","2005","2005","PC","Percentage","0","Units",,,13.2,,
"LTU","Lithuania","TOTAL","Total","FAM13","Proportion (%) of children aged 0-2 enrolled in formal childcare and pre-school","2010","2010","PC","Percentage","0","Units",,,15.6,,
"LTU","Lithuania","TOTAL","Total","FAM13","Proportion (%) of children aged 0-2 enrolled in formal childcare and pre-school","2017","2017","PC","Percentage","0","Units",,,24.8,,
"PRT","Portugal","TOTAL","Total","FAM13","Proportion (%) of children aged 0-2 enrolled in formal childcare and pre-school","2005","2005","PC","Percentage","0","Units",,,20.5,,
"PRT","Portugal","TOTAL","Total","FAM13","Proportion (%) of children aged 0-2 enrolled in formal childcare and pre-school","2010","2010","PC","Percentage","0","Units",,,27.1,,
"PRT","Portugal","TOTAL","Total","FAM13","Proportion (%) of children aged 0-2 enrolled in formal childcare and pre-school","2017","2017","PC","Percentage","0","Units",,,36.7,,
"ITA","Italy","TOTAL","Total","FAM13","Proportion (%) of children aged 0-2 enrolled in formal childcare and pre-school","2005","2005","PC","Percentage","0","Units",,,27.3,,
"ITA","Italy","TOTAL","Total","FAM13","Proportion (%) of children aged 0-2 enrolled in formal childcare and pre-school","2006","2006","PC","Percentage","0","Units",,,28.6,,
"ITA","Italy","TOTAL","Total","FAM13","Proportion (%) of children aged 0-2 enrolled in formal childcare and pre-school","2007","2007","PC","Percentage","0","Units",,,25.8,,
"ITA","Italy","TOTAL","Total","FAM13","Proportion (%) of children aged 0-2 enrolled in formal childcare and pre-school","2008","2008","PC","Percentage","0","Units",,,28.9,,
"ITA","Italy","TOTAL","Total","FAM13","Proportion (%) of children aged 0-2 enrolled in formal childcare and pre-school","2009","2009","PC","Percentage","0","Units",,,25.9,,
"ITA","Italy","TOTAL","Total","FAM13","Proportion (%) of children aged 0-2 enrolled in formal childcare and pre-school","2010","2010","PC","Percentage","0","Units",,,23.3,,
"ITA","Italy","TOTAL","Total","FAM13","Proportion (%) of children aged 0-2 enrolled in formal childcare and pre-school","2011","2011","PC","Percentage","0","Units",,,27.4,,
"ITA","Italy","TOTAL","Total","FAM13","Proportion (%) of children aged 0-2 enrolled in formal childcare and pre-school","2012","2012","PC","Percentage","0","Units",,,21.9,,
"ITA","Italy","TOTAL","Total","FAM13","Proportion (%) of children aged 0-2 enrolled in formal childcare and pre-school","2013","2013","PC","Percentage","0","Units",,,23.1,,
"ITA","Italy","TOTAL","Total","FAM13","Proportion (%) of children aged 0-2 enrolled in formal childcare and pre-school","2014","2014","PC","Percentage","0","Units",,,24.2,,
"ITA","Italy","TOTAL","Total","FAM13","Proportion (%) of children aged 0-2 enrolled in formal childcare and pre-school","2015","2015","PC","Percentage","0","Units",,,29.5,,
"ITA","Italy","TOTAL","Total","FAM13","Proportion (%) of children aged 0-2 enrolled in formal childcare and pre-school","2016","2016","PC","Percentage","0","Units",,,35.5,,
"ITA","Italy","TOTAL","Total","FAM13","Proportion (%) of children aged 0-2 enrolled in formal childcare and pre-school","2017","2017","PC","Percentage","0","Units",,,29.7,,
"LVA","Latvia","TOTAL","Total","FAM13","Proportion (%) of children aged 0-2 enrolled in formal childcare and pre-school","2005","2005","PC","Percentage","0","Units",,,18.2,,
"LVA","Latvia","TOTAL","Total","FAM13","Proportion (%) of children aged 0-2 enrolled in formal childcare and pre-school","2006","2006","PC","Percentage","0","Units",,,17.8,,
"LVA","Latvia","TOTAL","Total","FAM13","Proportion (%) of children aged 0-2 enrolled in formal childcare and pre-school","2007","2007","PC","Percentage","0","Units",,,15.9,,
"LVA","Latvia","TOTAL","Total","FAM13","Proportion (%) of children aged 0-2 enrolled in formal childcare and pre-school","2008","2008","PC","Percentage","0","Units",,,15.4,,
"LVA","Latvia","TOTAL","Total","FAM13","Proportion (%) of children aged 0-2 enrolled in formal childcare and pre-school","2009","2009","PC","Percentage","0","Units",,,17,,
"LVA","Latvia","TOTAL","Total","FAM13","Proportion (%) of children aged 0-2 enrolled in formal childcare and pre-school","2010","2010","PC","Percentage","0","Units",,,18.7,,
"LVA","Latvia","TOTAL","Total","FAM13","Proportion (%) of children aged 0-2 enrolled in formal childcare and pre-school","2011","2011","PC","Percentage","0","Units",,,18,,
"LVA","Latvia","TOTAL","Total","FAM13","Proportion (%) of children aged 0-2 enrolled in formal childcare and pre-school","2012","2012","PC","Percentage","0","Units",,,26.4,,
"LVA","Latvia","TOTAL","Total","FAM13","Proportion (%) of children aged 0-2 enrolled in formal childcare and pre-school","2013","2013","PC","Percentage","0","Units",,,23.3,,
"LVA","Latvia","TOTAL","Total","FAM13","Proportion (%) of children aged 0-2 enrolled in formal childcare and pre-school","2014","2014","PC","Percentage","0","Units",,,24,,
"LVA","Latvia","TOTAL","Total","FAM13","Proportion (%) of children aged 0-2 enrolled in formal childcare and pre-school","2015","2015","PC","Percentage","0","Units",,,20.9,,
"LVA","Latvia","TOTAL","Total","FAM13","Proportion (%) of children aged 0-2 enrolled in formal childcare and pre-school","2016","2016","PC","Percentage","0","Units",,,26.4,,
"LVA","Latvia","TOTAL","Total","FAM13","Proportion (%) of children aged 0-2 enrolled in formal childcare and pre-school","2017","2017","PC","Percentage","0","Units",,,31.3,,
"CYP","Cyprus","TOTAL","Total","FAM13","Proportion (%) of children aged 0-2 enrolled in formal childcare and pre-school","2005","2005","PC","Percentage","0","Units",,,27.1,,
"CYP","Cyprus","TOTAL","Total","FAM13","Proportion (%) of children aged 0-2 enrolled in formal childcare and pre-school","2006","2006","PC","Percentage","0","Units",,,31.6,,
"CYP","Cyprus","TOTAL","Total","FAM13","Proportion (%) of children aged 0-2 enrolled in formal childcare and pre-school","2007","2007","PC","Percentage","0","Units",,,23.9,,
"CYP","Cyprus","TOTAL","Total","FAM13","Proportion (%) of children aged 0-2 enrolled in formal childcare and pre-school","2008","2008","PC","Percentage","0","Units",,,33.4,,
"CYP","Cyprus","TOTAL","Total","FAM13","Proportion (%) of children aged 0-2 enrolled in formal childcare and pre-school","2009","2009","PC","Percentage","0","Units",,,26.7,,
"CYP","Cyprus","TOTAL","Total","FAM13","Proportion (%) of children aged 0-2 enrolled in formal childcare and pre-school","2010","2010","PC","Percentage","0","Units",,,30.4,,
"CYP","Cyprus","TOTAL","Total","FAM13","Proportion (%) of children aged 0-2 enrolled in formal childcare and pre-school","2011","2011","PC","Percentage","0","Units",,,25,,
"CYP","Cyprus","TOTAL","Total","FAM13","Proportion (%) of children aged 0-2 enrolled in formal childcare and pre-school","2012","2012","PC","Percentage","0","Units",,,26.5,,
"CYP","Cyprus","TOTAL","Total","FAM13","Proportion (%) of children aged 0-2 enrolled in formal childcare and pre-school","2013","2013","PC","Percentage","0","Units",,,24.7,,
"CYP","Cyprus","TOTAL","Total","FAM13","Proportion (%) of children aged 0-2 enrolled in formal childcare and pre-school","2014","2014","PC","Percentage","0","Units",,,30,,
"CYP","Cyprus","TOTAL","Total","FAM13","Proportion (%) of children aged 0-2 enrolled in formal childcare and pre-school","2015","2015","PC","Percentage","0","Units",,,25.8,,
"CYP","Cyprus","TOTAL","Total","FAM13","Proportion (%) of children aged 0-2 enrolled in formal childcare and pre-school","2016","2016","PC","Percentage","0","Units",,,28,,
"CYP","Cyprus","TOTAL","Total","FAM13","Proportion (%) of children aged 0-2 enrolled in formal childcare and pre-school","2017","2017","PC","Percentage","0","Units",,,31.7,,
"GBR","United Kingdom","TOTAL","Total","FAM13","Proportion (%) of children aged 0-2 enrolled in formal childcare and pre-school","2005","2005","PC","Percentage","0","Units",,,37,,
"GBR","United Kingdom","TOTAL","Total","FAM13","Proportion (%) of children aged 0-2 enrolled in formal childcare and pre-school","2006","2006","PC","Percentage","0","Units",,,39.7,,
"GBR","United Kingdom","TOTAL","Total","FAM13","Proportion (%) of children aged 0-2 enrolled in formal childcare and pre-school","2007","2007","PC","Percentage","0","Units",,,44.8,,
"GBR","United Kingdom","TOTAL","Total","FAM13","Proportion (%) of children aged 0-2 enrolled in formal childcare and pre-school","2008","2008","PC","Percentage","0","Units",,,40.8,,
"GBR","United Kingdom","TOTAL","Total","FAM13","Proportion (%) of children aged 0-2 enrolled in formal childcare and pre-school","2009","2009","PC","Percentage","0","Units",,,41.3,,
"GBR","United Kingdom","TOTAL","Total","FAM13","Proportion (%) of children aged 0-2 enrolled in formal childcare and pre-school","2010","2010","PC","Percentage","0","Units",,,40.1,,
"GBR","United Kingdom","TOTAL","Total","FAM13","Proportion (%) of children aged 0-2 enrolled in formal childcare and pre-school","2011","2011","PC","Percentage","0","Units",,,39.1,,
"GBR","United Kingdom","TOTAL","Total","FAM13","Proportion (%) of children aged 0-2 enrolled in formal childcare and pre-school","2012","2012","PC","Percentage","0","Units",,,31,,
"GBR","United Kingdom","TOTAL","Total","FAM13","Proportion (%) of children aged 0-2 enrolled in formal childcare and pre-school","2013","2013","PC","Percentage","0","Units",,,34.4,,
"GBR","United Kingdom","TOTAL","Total","FAM13","Proportion (%) of children aged 0-2 enrolled in formal childcare and pre-school","2014","2014","PC","Percentage","0","Units",,,33.6,,
"GBR","United Kingdom","TOTAL","Total","FAM13","Proportion (%) of children aged 0-2 enrolled in formal childcare and pre-school","2015","2015","PC","Percentage","0","Units",,,34.4,,
"GBR","United Kingdom","TOTAL","Total","FAM13","Proportion (%) of children aged 0-2 enrolled in formal childcare and pre-school","2016","2016","PC","Percentage","0","Units",,,31.5,,
"GBR","United Kingdom","TOTAL","Total","FAM13","Proportion (%) of children aged 0-2 enrolled in formal childcare and pre-school","2017","2017","PC","Percentage","0","Units",,,37.7,,
"SVN","Slovenia","TOTAL","Total","FAM13","Proportion (%) of children aged 0-2 enrolled in formal childcare and pre-school","2005","2005","PC","Percentage","0","Units",,,24.8,,
"SVN","Slovenia","TOTAL","Total","FAM13","Proportion (%) of children aged 0-2 enrolled in formal childcare and pre-school","2010","2010","PC","Percentage","0","Units",,,34,,
"SVN","Slovenia","TOTAL","Total","FAM13","Proportion (%) of children aged 0-2 enrolled in formal childcare and pre-school","2017","2017","PC","Percentage","0","Units",,,41.1,,
"NZL","New Zealand","TOTAL","Total","FAM13","Proportion (%) of children aged 0-2 enrolled in formal childcare and pre-school","2017","2017","PC","Percentage","0","Units",,,50.1,,
"GRC","Greece","TOTAL","Total","FAM13","Proportion (%) of children aged 0-2 enrolled in formal childcare and pre-school","2005","2005","PC","Percentage","0","Units",,,14,,
"GRC","Greece","TOTAL","Total","FAM13","Proportion (%) of children aged 0-2 enrolled in formal childcare and pre-school","2006","2006","PC","Percentage","0","Units",,,18.2,,
"GRC","Greece","TOTAL","Total","FAM13","Proportion (%) of children aged 0-2 enrolled in formal childcare and pre-school","2007","2007","PC","Percentage","0","Units",,,14.2,,
"GRC","Greece","TOTAL","Total","FAM13","Proportion (%) of children aged 0-2 enrolled in formal childcare and pre-school","2008","2008","PC","Percentage","0","Units",,,15.6,,
"GRC","Greece","TOTAL","Total","FAM13","Proportion (%) of children aged 0-2 enrolled in formal childcare and pre-school","2009","2009","PC","Percentage","0","Units",,,15.7,,
"GRC","Greece","TOTAL","Total","FAM13","Proportion (%) of children aged 0-2 enrolled in formal childcare and pre-school","2010","2010","PC","Percentage","0","Units",,,11.3,,
"GRC","Greece","TOTAL","Total","FAM13","Proportion (%) of children aged 0-2 enrolled in formal childcare and pre-school","2011","2011","PC","Percentage","0","Units",,,21.3,,
"GRC","Greece","TOTAL","Total","FAM13","Proportion (%) of children aged 0-2 enrolled in formal childcare and pre-school","2012","2012","PC","Percentage","0","Units",,,22.9,,
"GRC","Greece","TOTAL","Total","FAM13","Proportion (%) of children aged 0-2 enrolled in formal childcare and pre-school","2013","2013","PC","Percentage","0","Units",,,16.9,,
"GRC","Greece","TOTAL","Total","FAM13","Proportion (%) of children aged 0-2 enrolled in formal childcare and pre-school","2014","2014","PC","Percentage","0","Units",,,13.8,,
"GRC","Greece","TOTAL","Total","FAM13","Proportion (%) of children aged 0-2 enrolled in formal childcare and pre-school","2015","2015","PC","Percentage","0","Units",,,14.1,,
"GRC","Greece","TOTAL","Total","FAM13","Proportion (%) of children aged 0-2 enrolled in formal childcare and pre-school","2016","2016","PC","Percentage","0","Units",,,11.5,,
"GRC","Greece","TOTAL","Total","FAM13","Proportion (%) of children aged 0-2 enrolled in formal childcare and pre-school","2017","2017","PC","Percentage","0","Units",,,23.4,,
"DEU","Germany","TOTAL","Total","FAM13","Proportion (%) of children aged 0-2 enrolled in formal childcare and pre-school","2005","2005","PC","Percentage","0","Units",,,16.8,,
"DEU","Germany","TOTAL","Total","FAM13","Proportion (%) of children aged 0-2 enrolled in formal childcare and pre-school","2010","2010","PC","Percentage","0","Units",,,26.8,,
"DEU","Germany","TOTAL","Total","FAM13","Proportion (%) of children aged 0-2 enrolled in formal childcare and pre-school","2017","2017","PC","Percentage","0","Units",,,37.2,,
"NLD","Netherlands","TOTAL","Total","FAM13","Proportion (%) of children aged 0-2 enrolled in formal childcare and pre-school","2017","2017","PC","Percentage","0","Units",,,59.3,,
"ISR","Israel","TOTAL","Total","FAM13","Proportion (%) of children aged 0-2 enrolled in formal childcare and pre-school","2017","2017","PC","Percentage","0","Units",,,56,,
"TUR","Turkey","TOTAL","Total","FAM13","Proportion (%) of children aged 0-2 enrolled in formal childcare and pre-school","2017","2017","PC","Percentage","0","Units",,,0.3,,
"BRA","Brazil","TOTAL","Total","FAM13","Proportion (%) of children aged 0-2 enrolled in formal childcare and pre-school","2012","2012","PC","Percentage","0","Units",,,9.7,,
"BRA","Brazil","TOTAL","Total","FAM13","Proportion (%) of children aged 0-2 enrolled in formal childcare and pre-school","2017","2017","PC","Percentage","0","Units",,,23.1,,
"COL","Colombia","TOTAL","Total","FAM13","Proportion (%) of children aged 0-2 enrolled in formal childcare and pre-school","2017","2017","PC","Percentage","0","Units",,,37.8,,
"CRI","Costa Rica","TOTAL","Total","FAM13","Proportion (%) of children aged 0-2 enrolled in formal childcare and pre-school","2017","2017","PC","Percentage","0","Units",,,6.9,,
"RUS","Russia","TOTAL","Total","FAM13","Proportion (%) of children aged 0-2 enrolled in formal childcare and pre-school","2005","2005","PC","Percentage","0","Units",,,20.8,,
"RUS","Russia","TOTAL","Total","FAM13","Proportion (%) of children aged 0-2 enrolled in formal childcare and pre-school","2010","2010","PC","Percentage","0","Units",,,17.4,,
"RUS","Russia","TOTAL","Total","FAM13","Proportion (%) of children aged 0-2 enrolled in formal childcare and pre-school","2017","2017","PC","Percentage","0","Units",,,19,,
